{"fxVolume":0.6425894498825073,"musicVolume":0.3473404049873352}