{"fxVolume":0.174701526761055,"musicVolume":0.3473404049873352}