{"fxVolume":0.1641482561826706,"musicVolume":0.09568527340888977}