{"fxVolume":0.174701526761055,"musicVolume":0.12108950316905976}