{"fxVolume":0.20946532487869264,"musicVolume":0.23677074909210206}